{"cameraMode":{"drawMode":0,"name":"Shaded","section":"Shading Mode"},"sceneLighting":true,"audioPlay":false,"sceneViewState":{"showFog":false,"showMaterialUpdate":false,"showSkybox":false,"showFlares":false,"showImageEffects":false,"showParticleSystems":true},"in2DMode":false,"pivot":{"x":3.3136751651763918,"y":8.725434303283692,"z":3.6474380493164064},"rotation":{"x":-0.1094050332903862,"y":0.8224190473556519,"z":-0.16911961138248444,"w":-0.5320301651954651},"size":5.486007213592529,"orthographic":false}